n,VecSize,sim,CompileTime,KeyGenerationTime,EncryptionTime,ExecutionTime,DecryptionTime,ReferenceExecutionTime,MSE
1,16,0,3.4654149785637856,75.40693297050893,9.919378906488419,14.468494104221463,4.382279003039002,0.11689914390444756,3.151260800959521e-08
1,16,1,3.483473090454936,50.60877907089889,9.561214130371809,13.115284033119678,4.384730942547321,0.11482485570013523,5.1790976260678416e-08
1,16,2,3.490246133878827,49.265946028754115,9.667233098298311,13.254440855234861,4.413215909153223,0.11599203571677208,4.373260676504134e-08
1,16,3,3.500480903312564,47.265621135011315,9.643204975873232,13.201208086684346,4.18835086748004,0.10805204510688782,2.4811752920358543e-08
1,16,4,3.474889090284705,46.935922000557184,9.54268197529018,12.963701970875263,4.209798062220216,0.11267210356891155,1.4949137971472497e-08
1,16,5,3.4617299679666758,50.46320799738169,9.249969152733684,12.782593024894595,4.3071850668638945,0.12615695595741272,4.303384433412268e-09
1,16,6,3.7037150468677282,48.16077393479645,9.273785864934325,12.885014060884714,4.284349037334323,0.11298689059913158,8.200842818280819e-09
1,16,7,3.3433260396122932,48.63005597144365,9.559460915625095,12.613939819857478,4.173089982941747,0.1263539306819439,3.531776959493073e-08
1,16,8,2.807073062285781,48.044206108897924,9.322169004008174,12.832449981942773,4.211480030789971,0.11566700413823128,4.6110440681733126e-08
1,16,9,3.071209881454706,46.98305600322783,9.452872909605503,12.768346117809415,4.387618973851204,0.1153161283582449,2.534053341095853e-08
1,16,10,3.0793731566518545,51.467200042679906,9.621656965464354,13.077195966616273,4.39210282638669,0.1226689200848341,4.761569701649889e-08
1,16,11,3.070667153224349,46.93437786772847,9.61336400359869,13.17474595271051,4.412763984873891,0.11633802205324173,1.1527195169447279e-08
1,16,12,3.4461012110114098,49.917895114049315,9.5214678440243,13.300743186846375,4.354425007477403,0.1217119861394167,4.439532945356516e-08
1,16,13,3.4717819653451443,50.879017915576696,9.65984188951552,12.92585302144289,4.21076500788331,0.1100730150938034,1.6285520042190966e-08
1,16,14,3.465307177975774,50.61520705930889,9.576149052008986,13.157776091247797,4.402306862175465,0.11875806376338005,1.6552457171378934e-08
1,16,15,3.4831289667636156,50.38147699087858,9.471684927120805,12.662294087931514,4.3859470169991255,0.11591403745114803,3.2439107308363763e-09
1,16,16,3.465374931693077,47.918715979903936,9.270919021219015,12.892781058326364,4.420604091137648,0.11428305879235268,1.6082930391972507e-08
1,16,17,3.4879690501838923,50.56650401093066,9.751917095854878,13.152907136827707,4.391258815303445,0.12057204730808735,1.2295284483363652e-08
1,16,18,3.470153082162142,47.594851115718484,9.609393076971173,13.134174980223179,4.397987853735685,0.11998414993286133,1.9383409026674226e-08
1,16,19,3.104883013293147,47.33085702173412,9.578249882906675,13.034770032390952,4.385106964036822,0.11429190635681152,2.898336967777451e-08
1,16,20,2.7739189099520445,50.06465804763138,9.56304999999702,13.058867072686553,4.373494070023298,0.14084205031394958,2.5560801886168056e-08
1,16,21,3.0605699867010117,49.749265890568495,9.555235039442778,13.129789149388671,4.329395014792681,0.11873804032802582,9.386762759587863e-08
1,16,22,3.482287051156163,48.624660121276975,9.153940016403794,12.74545188061893,4.3286539148539305,0.11486397124826908,7.191282325473228e-08
1,16,23,2.690143883228302,48.65873511880636,9.27576213143766,12.805790174752474,4.245324991643429,0.11771195568144321,1.540596966955134e-08
1,16,24,3.4735428635030985,48.87867392972112,9.160038083791733,12.744047911837697,4.191552055999637,0.10902900248765945,1.0996478076782622e-08
1,16,25,3.4449431113898754,50.58492696844041,9.640272939577699,13.24445498175919,4.425195045769215,0.11804094538092613,2.0913361073093384e-08
1,16,26,3.4645861014723778,50.127388909459114,9.543099906295538,13.124875025823712,4.268686985597014,0.10750791989266872,1.2281755368557649e-08
1,16,27,3.475731937214732,48.79244300536811,9.33199399150908,12.99411803483963,4.407783038914204,0.11713802814483643,2.726027859753652e-08
1,16,28,3.4835180267691612,46.19679506868124,9.595914976671338,13.177717104554176,4.3990761041641235,0.12294691987335682,7.875871069062484e-08
1,16,29,3.290510969236493,47.50891705043614,9.601620025932789,13.168076053261757,4.456398077309132,0.1209271140396595,3.11533756001391e-08
1,16,30,3.4917520824819803,50.9988060221076,9.64686693623662,13.302322942763567,4.398746881633997,0.1150849275290966,2.9333517701156706e-08
1,16,31,3.499648068100214,48.9737568423152,9.499647188931704,13.222238048911095,4.372798837721348,0.11812103912234306,1.09853016842893e-08
1,16,32,3.2883649691939354,46.601459151133895,9.522337932139635,13.04362597875297,4.307336173951626,0.11908705346286297,1.7465964304835777e-08
1,16,33,3.4845739137381315,47.568826004862785,9.537101024761796,12.632739031687379,4.336636047810316,0.10952097363770008,2.879820761952634e-08
1,16,34,2.5649990420788527,44.493029126897454,9.379770141094923,12.611615937203169,4.456115188077092,0.11314498260617256,2.6912770035804745e-08
1,16,35,3.449565963819623,46.66463006287813,9.168452816084027,12.566525023430586,4.170172847807407,0.10694516822695732,5.002284962336812e-08
1,16,36,2.3297870066016912,44.52209593728185,9.55672818236053,12.719396036118269,4.200947005301714,0.11705909855663776,9.741566349056052e-09
1,16,37,3.0893119983375072,46.64825391955674,9.179921122267842,13.002783991396427,4.182741045951843,0.10829116217792034,2.3053766115719743e-08
1,16,38,3.4896540455520153,50.39418302476406,9.702919982373714,12.585978023707867,4.2022280395030975,0.10879384353756905,2.7356696298324303e-08
1,16,39,2.5317471008747816,46.13860906101763,9.677156107500196,13.197398977354169,4.411343019455671,0.12966617941856384,5.569461437383599e-08
1,16,40,2.633933909237385,48.78119099885225,9.525399887934327,13.22680409066379,4.401468904688954,0.12655300088226795,1.519930133074064e-07
1,16,41,3.422863082960248,51.33907403796911,9.602541103959084,13.013496994972229,4.404311999678612,0.12431805953383446,4.779400456548041e-08
1,16,42,3.4724390134215355,47.65581293031573,9.64733399450779,13.294039061293006,4.385160049423575,0.11686095967888832,8.949608601547086e-08
1,16,43,3.4747871104627848,50.283907912671566,9.423654992133379,12.560241157189012,4.281242843717337,0.10588509030640125,1.39904715160532e-07
1,16,44,3.4691200125962496,50.118455896154046,9.462028043344617,13.183943927288055,4.430311033502221,0.12216810137033463,3.125334281111315e-08
1,16,45,3.493569092825055,50.817119888961315,9.564280044287443,13.215446844696999,4.418658092617989,0.11291913688182831,2.6425881995238477e-08
1,16,46,3.4992368891835213,50.23698089644313,9.629656793549657,13.120383955538273,4.409082932397723,0.12014503590762615,5.2623510286267415e-08
1,16,47,3.4613388124853373,50.99261598661542,9.611339075490832,13.152631931006908,4.315937170758843,0.11260993778705597,6.584337714758041e-09
1,16,48,3.467272035777569,47.68446506932378,9.731760015711188,12.837006011977792,4.197412868961692,0.11116289533674717,4.487222754714164e-08
1,16,49,2.5593999307602644,49.37870800495148,9.585815947502851,12.726393062621355,4.454063018783927,0.11522998102009296,6.069108237429137e-08
1,16,50,3.1845460180193186,46.76795797422528,9.277203818783164,12.784693157300353,4.211433930322528,0.11408189311623573,1.7306208145772008e-08
1,16,51,3.098555142059922,49.63942710310221,9.320079814642668,13.175125000998378,4.397522890940309,0.11796713806688786,1.874402269785081e-08
1,16,52,2.5650900788605213,44.52975210733712,9.568816982209682,13.146613957360387,4.389519104734063,0.11506117880344391,4.424477240945052e-08
1,16,53,3.084880067035556,50.44753313995898,9.651021100580692,13.197449035942554,4.397573880851269,0.12847501784563065,1.8792395464748112e-08
1,16,54,3.5010071005672216,50.35717389546335,9.559372905641794,13.105542166158557,4.391313996165991,0.11502904817461967,3.778218094150644e-08
1,16,55,3.4648841246962547,47.056542010977864,9.593266993761063,13.044408988207579,4.467644961550832,0.11992896907031536,2.4967047020179792e-08
1,16,56,3.2377601601183414,47.02358413487673,10.11239504441619,13.11157294549048,4.416768904775381,0.11766212992370129,8.295387071725034e-08
1,16,57,3.4670208115130663,50.2458019182086,9.645452024415135,13.099131872877479,4.38899383880198,0.13629510067403316,8.003360447078372e-08
1,16,58,2.792584942653775,49.695011926814914,9.645398007705808,13.025323860347271,4.337797872722149,0.10799895972013474,4.358701324759286e-08
1,16,59,3.2096339855343103,48.3343000523746,9.245996130630374,13.061668956652284,4.392809001728892,0.11634919792413712,1.9429497014398926e-08
1,16,60,2.541514113545418,45.15794990584254,9.405408054590225,13.0739810410887,4.4379401952028275,0.1491799484938383,1.8141065798922555e-08
1,16,61,2.5455148424953222,49.40450587309897,9.53627284616232,13.164005940780044,4.390641814097762,0.12576603330671787,1.3496723451628817e-08
1,16,62,2.5357480626553297,49.08806597813964,9.271442890167236,12.787400977686048,4.261777037754655,0.11632801033556461,1.511310982712493e-08
1,16,63,3.4367740154266357,50.792098976671696,9.085655212402344,13.139283983036876,4.306732909753919,0.11633499525487423,4.2690374749466505e-08
1,16,64,2.5453551206737757,45.049156062304974,9.538166923448443,13.068157015368342,4.20306297019124,0.11867214925587177,4.0017311595354633e-08
1,16,65,3.4546300303190947,51.64594599045813,9.541301056742668,12.652507051825523,4.186079138889909,0.10793190449476242,4.947373220430058e-09
1,16,66,3.4556430764496326,49.99766196124256,9.55786113627255,12.978920014575124,4.19722287915647,0.11783000081777573,2.1751323282727042e-08
1,16,67,2.525703050196171,44.820427894592285,9.56705305725336,13.18153808824718,4.374792100861669,0.11596991680562496,2.0779166148879047e-08
1,16,68,3.4913718700408936,49.73278404213488,9.394470835104585,12.771434150636196,4.308072850108147,0.11552008800208569,1.3383744830722412e-08
1,16,69,3.4418110735714436,46.00249696522951,9.255171054974198,13.195340055972338,4.420683020725846,0.12595090083777905,4.786356891933949e-08
1,16,70,3.015067894011736,47.706636134535074,9.592547081410885,13.19037820212543,4.435341106727719,0.11769100092351437,1.1317191864360504e-08
1,16,71,3.494837088510394,50.44833989813924,9.593844879418612,13.28818709589541,4.39095008186996,0.12221094220876694,7.333417897572544e-08
1,16,72,3.4945199731737375,49.62180694565177,9.70589485950768,13.273776043206453,4.3915919959545135,0.12192386202514172,2.7607920083905627e-08
1,16,73,3.4501650370657444,49.77210098877549,9.599277982488275,13.310529058799148,4.42269304767251,0.12481817975640297,1.827826940185202e-08
1,16,74,3.468056907877326,50.227294908836484,9.574000025168061,13.248996110633016,4.426429979503155,0.12285611592233181,2.605043785454103e-08
1,16,75,3.454132005572319,47.731801867485046,9.633935056626797,13.191113015636802,4.3831029906868935,0.11747400276362896,8.96025745871547e-08
1,16,76,3.4518069587647915,49.43530890159309,9.676238056272268,13.157716952264309,4.389567067846656,0.11533009819686413,2.404462426475787e-08
1,16,77,3.117242129519582,51.25011899508536,9.544487111270428,13.064931146800518,4.222127143293619,0.12150919064879417,2.42032520355833e-08
1,16,78,3.08787589892745,50.20804610103369,9.338892064988613,12.739883968606591,4.194594919681549,0.1219441182911396,2.0455336717412714e-08
1,16,79,3.4728620667010546,49.60321309044957,9.228515904396772,12.646728893741965,4.192821914330125,0.10777614079415798,4.93749698972275e-08
1,16,80,2.559931017458439,49.11878099665046,9.134167106822133,12.797893956303596,4.216067027300596,0.10903598740696907,2.3257659942854455e-08
1,16,81,3.0837489757686853,48.725205939263105,9.32752201333642,12.766249012202024,4.24654595553875,0.11475197970867157,5.27143847508092e-08
1,16,82,3.0924382153898478,50.515478011220694,9.254595031961799,12.742456048727036,4.244330804795027,0.12248079292476177,2.049649426791527e-08
1,16,83,3.47856804728508,50.537209026515484,9.150214027613401,12.92104902677238,4.231008002534509,0.10688207112252712,4.966494401765597e-08
1,16,84,3.437906038016081,50.63331103883684,9.093373781070113,12.995381839573383,4.205513978376985,0.1165738794952631,4.3177517757997886e-08
1,16,85,3.48712713457644,49.90566009655595,9.286856977269053,12.71885703317821,4.1978079825639725,0.10820012539625168,1.372352841660821e-07
1,16,86,3.4954319708049297,47.114711022004485,9.641604032367468,13.136520981788635,4.317606100812554,0.1072839368134737,2.412844094860257e-08
1,16,87,3.4594719763845205,50.904046976938844,9.545439155772328,13.031302019953728,4.331825999543071,0.12135994620621204,3.0763066126906027e-08
1,16,88,3.484305925667286,49.8169818893075,9.427672950550914,12.764680897817016,4.267743090167642,0.11566909961402416,1.0468892368517868e-08
1,16,89,3.471322124823928,47.51988500356674,9.460016852244735,12.642950052395463,4.474106011912227,0.11455616913735867,1.2592129847830802e-08
1,16,90,2.278225962072611,47.388693084940314,9.108932921662927,12.849997961893678,4.393545910716057,0.1314289402216673,3.9836343288506986e-08
1,16,91,3.4424879122525454,47.999334055930376,9.34190396219492,12.979348190128803,4.384295083582401,0.11286907829344273,1.3219887187239563e-08
1,16,92,3.2983841374516487,47.19064594246447,9.240573970600963,12.887249933555722,4.402875900268555,0.11268001981079578,3.740601815063948e-08
1,16,93,3.1207359861582518,45.95355410128832,9.347256971523166,12.607733020558953,4.3616381008178,0.11661509051918983,1.9842834867647024e-08
1,16,94,3.4735300578176975,47.375175869092345,9.22937598079443,12.900565052405,4.470995161682367,0.11670892126858234,5.1384636479186566e-08
1,16,95,3.1008771620690823,49.898711033165455,9.17871599085629,12.974312994629145,4.328351002186537,0.11210492812097073,2.395488772258415e-08
1,16,96,3.496666206046939,50.15443521551788,9.680178016424179,13.230841141194105,4.388330038636923,0.11491100303828716,1.974106417221326e-08
1,16,97,3.494379110634327,50.819441908970475,9.571899194270372,13.142742915078998,4.301025997847319,0.11391611769795418,8.271941662431926e-09
1,16,98,3.489798866212368,47.6199290715158,10.044272057712078,13.124675955623388,4.367965972051024,0.11983397416770458,3.6545534727065314e-08
1,16,99,3.4910780377686024,50.56598596274853,9.540394181385636,13.153820065781474,4.396004835143685,0.12042000889778137,2.7222474900619444e-08
2,16,0,3.470397088676691,47.22626996226609,9.64926602318883,13.1901940330863,4.409875022247434,0.1216731034219265,8.981312473107744e-09
2,16,1,3.5233269445598125,49.3270109873265,9.465378010645509,12.816100846976042,4.198591923341155,0.11782487854361534,1.8764606153824538e-08
2,16,2,3.5505809355527163,48.699717968702316,9.55490511842072,13.112594839185476,4.392876056954265,0.11330214329063892,1.7233109709060973e-08
2,16,3,3.498326987028122,50.086450995877385,9.50445607304573,12.95732194557786,4.195097833871841,0.11197314597666264,5.1016775692944185e-09
2,16,4,3.080775961279869,49.73874008283019,9.553848067298532,13.168339151889086,4.359618993476033,0.11849100701510906,6.499384851866582e-09
2,16,5,3.4828318748623133,46.89128394238651,9.577362099662423,13.088723877444863,4.468721803277731,0.11947797611355782,2.1292942675561396e-08
2,16,6,2.5560229551047087,48.78502897918224,9.485216112807393,13.089372077956796,4.3835260439664125,0.11579110287129879,9.037236879735712e-09
2,16,7,2.529897028580308,48.62953699193895,9.653470013290644,13.140066992491484,4.390076035633683,0.117424875497818,8.52573716122773e-09
2,16,8,2.1305871196091175,44.046008959412575,9.426250122487545,13.217009836807847,4.392118891701102,0.11374009773135185,1.8531152651870413e-08
2,16,9,2.297236118465662,47.855447977781296,9.748768992722034,13.114588102325797,4.433246795088053,0.116690993309021,4.668823618681686e-08
2,16,10,3.1137189362198114,47.55111993290484,9.096808964386582,12.917777057737112,4.384271800518036,0.13373605906963348,5.4081516333201545e-08
2,16,11,3.4890829119831324,50.46261800453067,9.13837505504489,13.106914004310966,4.395731026306748,0.11586700566112995,6.365049820038332e-09
2,16,12,3.495770040899515,46.35756416246295,9.184021968394518,12.733733048662543,4.140455042943358,0.10945601388812065,1.6915849012642277e-08
2,16,13,3.5030031576752663,48.52528288029134,9.014196926727891,12.410713825374842,4.141274141147733,0.11139106936752796,1.9202881616589897e-08
2,16,14,3.492297837510705,49.477758817374706,9.464262053370476,13.218684820458293,4.389858106151223,0.1164628192782402,6.107377382080468e-09
2,16,15,3.470923053100705,50.41539994999766,9.620473021641374,13.214125065132976,4.458307987079024,0.12419209815561771,5.9033317871134036e-09
2,16,16,2.554532140493393,48.96503104828298,9.430814068764448,13.24478117749095,4.423206206411123,0.112560810521245,8.989934020004965e-09
2,16,17,1.8542290199548006,45.719873858615756,9.723375085741282,13.445563148707151,4.396768985316157,0.11721882037818432,1.0496363866456892e-07
2,16,18,2.508370904251933,50.44701206497848,9.682893985882401,13.481047004461288,4.486666060984135,0.11989008635282516,3.561920173725825e-08
2,16,19,2.528600860387087,46.83352797292173,9.678595932200551,13.319351943209767,4.340877989307046,0.12282398529350758,2.3330544543637855e-08
2,16,20,2.7153720147907734,48.305911011993885,9.551261784508824,13.414469081908464,4.559373017400503,0.1227320171892643,2.5622912664173455e-08
2,16,21,3.454213961958885,48.79153589718044,9.71714104525745,13.266684021800756,4.323347005993128,0.1184539869427681,2.94442779701364e-08
2,16,22,4.329707007855177,46.75017506815493,9.468012023717165,13.238318962976336,4.391915164887905,0.11873291805386543,5.125495526819605e-09
2,16,23,3.470185911282897,50.22763693705201,9.52761503867805,13.19902390241623,4.322936059907079,0.11379411444067955,2.5419495298372994e-08
2,16,24,3.477406222373247,55.983983213081956,9.991605998948216,14.970875112339854,4.347201902419329,0.13152393512427807,5.388070398394163e-08
2,16,25,2.3596668615937233,71.55319303274155,18.94888700917363,27.50022104009986,8.070953888818622,0.24416204541921616,2.727562396842314e-08
2,16,26,3.5396870225667953,49.98773196712136,8.937329053878784,12.498871888965368,4.090633941814303,0.14706607908010483,6.611934467444366e-09
2,16,27,3.4897869918495417,46.61438916809857,8.972365176305175,12.532960856333375,4.059405066072941,0.14195800758898258,5.18120848979038e-08
2,16,28,3.4968990366905928,53.88719099573791,8.81832791492343,13.395606074482203,4.0416710544377565,0.10920688509941101,8.4597333118793e-09
2,16,29,2.3202449083328247,43.03223709575832,8.808614918962121,12.09572795778513,4.0149749256670475,0.11495896615087986,2.300651888598008e-08
2,16,30,2.3349719122052193,47.740618931129575,8.790756110101938,12.056918116286397,4.028370138257742,0.11241715401411057,3.3247215832056616e-08
2,16,31,3.316169138997793,46.20748106390238,8.795569185167551,12.054645922034979,4.019859014078975,0.1084150280803442,3.1665237006481184e-08
2,16,32,3.2555318903177977,46.63187591359019,8.884501876309514,12.188020162284374,4.049824783578515,0.12040999718010426,2.400962877091164e-08
2,16,33,2.3390930145978928,47.2645191475749,8.820675080642104,12.238028924912214,4.038963001221418,0.11441693641245365,2.4392104085357288e-08
2,16,34,2.4426057934761047,46.23038019053638,8.808885933831334,12.086897157132626,4.038607003167272,0.11204485781490803,1.6386993522618373e-08
2,16,35,3.522672923281789,50.060163019225,8.85250186547637,12.143424013629556,4.043583059683442,0.12301909737288952,1.657154861918787e-08
2,16,36,3.538372926414013,49.83733897097409,10.211772983893752,14.953788835555315,5.686769029125571,0.1400969922542572,8.42662612234123e-08
2,16,37,3.835747018456459,49.53016294166446,10.271943872794509,14.538710936903954,4.928983049467206,0.1301448792219162,1.8237636696907247e-08
2,16,38,3.5122728440910578,49.16448891162872,11.171971913427114,13.941439101472497,4.654441960155964,0.13847695663571358,5.151250350089465e-08
2,16,39,3.495312063023448,52.199784899130464,9.558791061863303,13.39214202016592,4.735581111162901,0.14130398631095886,1.237087053077221e-08
2,16,40,3.5206060856580734,46.59376200288534,9.815158089622855,12.981620850041509,4.6079871244728565,0.12925895862281322,6.499830914566066e-09
2,16,41,3.4675931092351675,51.700151059776545,9.934935020282865,13.030681991949677,4.5774090103805065,0.13559497892856598,6.461977784782702e-09
2,16,42,3.7486699875444174,50.28422991745174,9.749057004228234,13.471844838932157,4.137659911066294,0.11291797272861004,4.2851573033599645e-08
2,16,43,3.7490411195904016,50.664993934333324,8.875362109392881,12.297007953748107,4.267523065209389,0.12251688167452812,1.5333048134834994e-08
2,16,44,3.58010595664382,50.36204704083502,10.298268869519234,13.690897962078452,4.5789391733706,0.13192696496844292,1.394101556042444e-08
2,16,45,3.757285885512829,47.793976962566376,10.842760093510151,14.748148852959275,4.232256906107068,0.136947026476264,1.7470790206623074e-08
2,16,46,3.5069941077381372,49.73712586797774,9.729441022500396,13.037557946518064,4.653919953852892,0.1243960577994585,1.58099267394158e-08
2,16,47,3.377896035090089,47.85182001069188,9.293440030887723,13.164418051019311,4.407037049531937,0.12288615107536316,6.58204516760287e-09
2,16,48,3.4879178274422884,50.02275505103171,9.470812045037746,13.287741923704743,4.488727077841759,0.13632397167384624,1.9957011174634174e-08
2,16,49,3.8184430450201035,49.68690709210932,9.575488977134228,13.291959185153246,4.410353023558855,0.1232558861374855,3.647982439800149e-08
2,16,50,3.4816579427570105,49.90957886911929,9.911102941259742,13.493292964994907,4.168064100667834,0.11545093730092049,2.329792015738128e-08
2,16,51,2.5432731490582228,45.54006108082831,9.786738781258464,13.598313787952065,4.475284134969115,0.12696883641183376,3.293777621034448e-08
2,16,52,2.5593750178813934,49.37211284413934,9.691798128187656,13.338315999135375,4.520430928096175,0.12906896881759167,3.635512237808099e-08
2,16,53,2.354200929403305,43.70784084312618,9.805881883949041,13.671641005203128,4.371935036033392,0.13356097042560577,6.909075788935705e-08
2,16,54,3.4959169570356607,51.123894983902574,9.599057026207447,13.038744917139411,4.52197901904583,0.13169902376830578,2.21757170832202e-08
2,16,55,3.5781478509306908,51.49682587943971,9.791509015485644,13.702683849260211,4.560768138617277,0.19068480469286442,5.1570457196003776e-08
2,16,56,3.321364987641573,49.11794001236558,9.524096036329865,13.499160995706916,4.467951133847237,0.12857792899012566,6.815142663807915e-08
2,16,57,3.5027109552174807,49.31686306372285,9.568745037540793,13.57228890992701,4.596733953803778,0.13384688645601273,1.5237652362811978e-07
2,16,58,3.19419102743268,48.65240887738764,9.730278048664331,16.10861998051405,4.672815091907978,0.12665893882513046,2.6925525827774627e-08
2,16,59,3.4992098808288574,50.72042206302285,9.63585707359016,13.355722883716226,4.442269913852215,0.12914789840579033,1.270667795636916e-08
2,16,60,3.521778853610158,50.34650699235499,9.969722013920546,13.580122031271458,4.303020890802145,0.1265250612050295,1.1488367510019301e-08
2,16,61,3.4726120065897703,46.93233803845942,9.88762080669403,13.540301006287336,4.497813060879707,0.12424611486494541,1.4906789974325784e-08
2,16,62,3.2809360418468714,51.4730887953192,10.239806026220322,14.491061912849545,4.4930907897651196,0.1289860811084509,2.124568193609754e-08
2,16,63,2.636430086567998,49.025313928723335,10.476949159055948,13.274795841425657,4.396372940391302,0.13092905282974243,1.9466042340930163e-08
2,16,64,2.5511051062494516,48.27148700132966,10.139221092686057,13.998507056385279,4.857111955061555,0.13271206989884377,1.4317328916227072e-08
2,16,65,3.511275863274932,47.68355702981353,10.14651614241302,14.044168870896101,4.5400201342999935,0.12692390009760857,1.8435616157403415e-08
2,16,66,3.5015330649912357,50.424416083842516,10.874355910345912,13.897291151806712,4.950008122250438,0.15542912296950817,1.2420573897132149e-08
2,16,67,3.5774169955402613,50.415756180882454,10.045880917459726,13.480133144184947,5.098573165014386,0.131852924823761,6.9380465536386606e-09
2,16,68,3.53035400621593,46.56088398769498,9.71140107139945,13.610540190711617,4.21759788878262,0.11948496103286743,2.226605312873522e-08
2,16,69,2.5472899433225393,45.96077394671738,10.091042844578624,13.948782114312053,4.473663866519928,0.12644892558455467,6.969951397395023e-09
2,16,70,3.488865913823247,49.734245985746384,10.037470841780305,13.77691188827157,4.3517539743334055,0.13606902211904526,1.9691561545064396e-08
2,16,71,3.506758017465472,49.072840018197894,9.495625039562583,13.384916819632053,4.442289005964994,0.12552691623568535,2.1385920206787223e-08
2,16,72,3.5050439182668924,47.143364092335105,9.607471991330385,13.406399171799421,4.412024049088359,0.13378215953707695,1.4613496595294594e-08
2,16,73,3.49218281917274,47.088206047192216,9.87631012685597,13.156140921637416,4.3909980449825525,0.1224761363118887,3.824956549845827e-08
2,16,74,3.5583048593252897,47.54964401945472,10.825712000951171,13.855906901881099,4.320761188864708,0.12620491907000542,6.820179016021817e-08
2,16,75,3.5033500753343105,50.8455908857286,9.93917090818286,13.608006061986089,4.5539699494838715,0.12447289191186428,1.2337283142543325e-07
2,16,76,3.559575881808996,51.76545609720051,10.958953062072396,13.307475950568914,4.586501978337765,0.1316848210990429,1.885015955557688e-08
2,16,77,3.543894039466977,51.28614115528762,9.768554009497166,13.627332169562578,4.3786680325865746,0.12388103641569614,2.9452459562116993e-08
2,16,78,3.5062399692833424,49.88493607379496,9.980862028896809,13.554284814745188,4.441933007910848,0.12362911365926266,5.404411328945356e-08
2,16,79,3.5128151066601276,46.591057907789946,10.044710012152791,13.726835139095783,4.600246902555227,0.1445980742573738,6.507864382676567e-08
2,16,80,3.9876289665699005,48.38312813080847,9.744107024744153,14.786702115088701,5.423251073807478,0.14998414553701878,2.1701148814704037e-08
2,16,81,3.268101019784808,48.23641502298415,9.95587301440537,13.727970188483596,4.439608892425895,0.1261050347238779,3.2408756422779864e-08
2,16,82,3.656672080978751,50.221587996929884,10.585770010948181,13.371241046115756,4.708487074822187,0.12173410505056381,4.428881236468982e-08
2,16,83,3.506014123558998,49.38042489811778,8.80355411209166,12.368603143841028,4.039752995595336,0.11537200771272182,2.4361410498368236e-08
2,16,84,3.188513917848468,48.41696307994425,8.82231118157506,12.115638004615903,4.044478992000222,0.1195850782096386,6.319988213877222e-08
2,16,85,3.496639896184206,48.07274788618088,8.838288951665163,12.255202978849411,4.061974119395018,0.1311851665377617,2.4138004557617978e-08
2,16,86,3.525495994836092,44.875218998640776,8.843255927786231,12.15135701932013,4.035848192870617,0.12266100384294987,3.736786096671475e-08
2,16,87,3.135776147246361,47.152461018413305,8.828830905258656,12.110297102481127,4.027510993182659,0.11314894072711468,1.0522796693545161e-08
2,16,88,3.2230177894234657,47.56639199331403,8.789835032075644,12.088085990399122,4.041265929117799,0.1139291562139988,3.2143683254331815e-08
2,16,89,3.1196840573102236,46.43791099078953,8.808280108496547,12.090604053810239,4.040173953399062,0.11619599536061287,1.608933882219597e-08
2,16,90,3.1097137834876776,48.06847404688597,8.803131058812141,12.181353056803346,4.026317968964577,0.11530378833413124,9.83688695282324e-08
2,16,91,3.0939478892832994,47.77220916002989,8.808422833681107,12.236749054864049,4.06874599866569,0.14475802890956402,4.905174723582388e-09
2,16,92,3.166493959724903,50.05802400410175,8.824710035696626,12.139467056840658,4.058003192767501,0.12972415424883366,2.6987966938688836e-08
2,16,93,2.5325838942080736,48.42044599354267,8.816191926598549,12.088919058442116,4.0371769573539495,0.11472008191049099,1.044176457087102e-08
2,16,94,3.48914903588593,46.522037126123905,8.88189789839089,12.18605088070035,4.050455056130886,0.12511806562542915,2.9279169715641353e-08
2,16,95,4.286010982468724,51.34890880435705,10.26620902121067,13.57469498179853,4.697684897109866,0.1524020917713642,3.763402940355402e-08
2,16,96,3.491843119263649,51.835300866514444,9.703603107482195,13.513701967895031,4.577663028612733,0.12298719957470894,7.437916480437316e-09
2,16,97,3.7605450488626957,50.30325008556247,10.25875099003315,13.617631047964096,4.08811098895967,0.11441297829151154,4.790202078145532e-08
2,16,98,3.532795002683997,47.718599904328585,10.722898878157139,14.368374133482575,4.241983173415065,0.1227830071002245,7.900236236426101e-09
2,16,99,3.5063920076936483,50.87962816469371,10.094581870362163,14.103261986747384,4.187138983979821,0.12432900257408619,1.0655879043128903e-08
3,32,0,2.7646501548588276,51.84960598126054,11.288875015452504,13.477281900122762,4.698826000094414,0.14408305287361145,2.1037316537157464e-08
3,32,1,3.577854949980974,48.851047875359654,8.844256168231368,13.290613889694214,4.54655010253191,0.13847998343408108,1.1447733013691178e-08
3,32,2,3.5208771005272865,48.377402825281024,9.974156972020864,13.491398189216852,4.493678919970989,0.13951212167739868,5.996319380321402e-08
3,32,3,3.4757768735289574,51.32409487850964,9.98661294579506,13.216293882578611,4.492403008043766,0.1450639683753252,5.001853345381047e-08
3,32,4,4.14805905893445,51.21601186692715,10.385567089542747,13.804218033328652,5.161804147064686,0.16004103235900402,1.7583472999908436e-08
3,32,5,3.5169448237866163,49.26237906329334,9.962997864931822,13.546499889343977,4.725000821053982,0.1520200166851282,1.9329624230163274e-08
3,32,6,3.569419961422682,51.478785928338766,9.773174999281764,13.327078893780708,4.34902380220592,0.1316701527684927,4.729255925352195e-08
3,32,7,3.5218088887631893,48.183748964220285,9.952348889783025,13.646359089761972,4.739767871797085,0.14146906323730946,2.1901040586402992e-08
3,32,8,4.188763909041882,50.19573587924242,10.25307597592473,15.736805042251945,4.455767804756761,0.15571806579828262,9.820375178032192e-09
3,32,9,3.4956689924001694,46.463536098599434,8.823161013424397,12.101358966901898,4.041704116389155,0.12751901522278786,5.8963282316407105e-09
3,32,10,3.5606250166893005,46.610473887994885,9.647740051150322,13.621466001495719,4.415878094732761,0.13543502427637577,1.8020794692436544e-08
3,32,11,3.632584121078253,50.24985107593238,9.91410412825644,14.342112001031637,4.583250964060426,0.15361793339252472,2.560427329594911e-08
3,32,12,3.890229854732752,50.5343999247998,9.227734059095383,13.008281122893095,4.193458007648587,0.12828991748392582,1.3991348275930718e-08
3,32,13,3.524637082591653,50.15357700176537,9.650086052715778,13.71874799951911,4.836025880649686,0.14167418703436852,7.488832476835265e-08
3,32,14,3.5046031698584557,53.22859506122768,9.580290177837014,13.455962995067239,4.459128016605973,0.12884405441582203,1.2437018464907268e-08
3,32,15,3.5176740493625402,48.13816491514444,9.875767165794969,14.919234905391932,4.489168990403414,0.1464600209146738,2.0825893827257097e-08
3,32,16,3.5127869341522455,49.27795799449086,9.38723492436111,13.410814106464386,4.189923172816634,0.12602796778082848,2.133775658247156e-08
3,32,17,3.5072790924459696,46.14265286363661,9.808179922401905,13.50614009425044,4.328456940129399,0.14424906112253666,2.098957134152981e-08
3,32,18,3.995586885139346,52.35769599676132,9.359871968626976,14.016825938597322,4.206736106425524,0.12588291428983212,2.5575229477150556e-08
3,32,19,3.509997855871916,46.46391700953245,9.485074086114764,13.154166983440518,4.273951053619385,0.1289329957216978,3.495512933421411e-08
3,32,20,2.527032047510147,78.77493905834854,19.040315877646208,27.45641302317381,8.139482932165265,0.2844568807631731,3.106678269073104e-08
3,32,21,2.9598320834338665,44.637165032327175,8.803426986560225,12.087963055819273,4.039915977045894,0.1233760267496109,4.590593551920314e-08
3,32,22,3.4821750596165657,45.44056602753699,8.999892976135015,12.081740889698267,4.04086010530591,0.12275506742298603,2.7446649120150666e-08
3,32,23,3.5521320533007383,51.51744093745947,9.545631939545274,13.263853034004569,4.402243997901678,0.1309958752244711,2.7542941016004745e-08
3,32,24,3.513915929943323,51.2146579567343,9.476993000134826,13.693741988390684,4.084258107468486,0.12194598093628883,1.6668211553108245e-08
3,32,25,3.822839818894863,46.88156512565911,10.091167874634266,13.982699951156974,4.365884931758046,0.1281900331377983,1.5459999438180166e-08
3,32,26,3.5045959521085024,48.09365910477936,9.305807994678617,13.453831896185875,4.506407072767615,0.13692607171833515,3.6115205067836836e-08
3,32,27,3.505184082314372,47.56847699172795,9.607150219380856,13.525647111237049,4.367416026070714,0.1312829554080963,1.8597752129298943e-08
3,32,28,3.499306971207261,48.74929809011519,9.899534983560443,13.270512921735644,4.265788942575455,0.1419710461050272,2.9010229441279922e-08
3,32,29,3.5278270952403545,47.82371502369642,10.999924037605524,14.483567094430327,4.398285876959562,0.1359269954264164,4.839976614900372e-08
3,32,30,3.5169629845768213,48.246252816170454,9.740091161802411,13.305041939020157,4.503403091803193,0.13599288649857044,4.020882682741822e-08
3,32,31,3.5191799979656935,47.956827096641064,9.798150043934584,13.177206041291356,4.455388989299536,0.13937195762991905,2.1689969257524457e-08
3,32,32,3.5437578335404396,49.3576698936522,9.889337932690978,13.513823971152306,4.364138003438711,0.1411009579896927,1.7417167849579955e-08
3,32,33,3.4959318581968546,47.03627317212522,9.722952963784337,13.474362203851342,4.306875867769122,0.13033789582550526,1.4675954983306068e-08
3,32,34,3.5452540032565594,47.64442006126046,9.925164049491286,13.513162964954972,4.162226105108857,0.12979400344192982,3.729897682703859e-08
3,32,35,3.5206859465688467,50.83740199916065,10.706691769883037,13.778232969343662,4.585115006193519,0.13559800572693348,3.520095313013944e-08
3,32,36,3.511254908517003,47.71315911784768,9.811838157474995,13.293627882376313,4.653990035876632,0.14538108371198177,3.454558265437339e-08
3,32,37,2.9129020404070616,47.97692899592221,9.614089038223028,13.47190304659307,4.35186387039721,0.13927510008215904,2.1123841439737032e-08
3,32,38,3.6191821563988924,47.44490096345544,10.358470026403666,13.579735066741705,5.2749901078641415,0.1474039163440466,1.4716029356448575e-08
3,32,39,4.065148066729307,50.24000606499612,9.55175212584436,13.327327091246843,4.193372093141079,0.13126898556947708,4.368359118838523e-08
3,32,40,3.537676064297557,47.30159696191549,9.994920808821917,13.773401966318488,4.26672981120646,0.15261699445545673,1.8655487319059792e-08
3,32,41,3.3358049113303423,48.01877401769161,9.758387925103307,13.358863070607185,4.805185832083225,0.1335891429334879,2.909087347902261e-08
3,32,42,3.120848909020424,47.947613056749105,9.387593949213624,13.271695002913475,4.544080002233386,0.12621493078768253,1.504801932552402e-08
3,32,43,3.502638079226017,48.72921505011618,9.881296893581748,13.822637032717466,4.201669013127685,0.16533792950212955,2.1421177418278618e-08
3,32,44,3.5236140247434378,48.91425580717623,10.135196149349213,13.624300947412848,4.689150024205446,0.1424080692231655,2.4329961843000416e-08
3,32,45,3.53739014826715,48.85202716104686,8.837660076096654,12.111417017877102,4.038872895762324,0.12969807721674442,1.783222188140309e-08
3,32,46,3.5290380474179983,46.807707054540515,8.8574078399688,12.117723934352398,4.030412994325161,0.13686204329133034,2.4865037942337144e-08
3,32,47,3.5263490863144398,51.54061899520457,10.519925970584154,13.788336887955666,4.632969852536917,0.1446940004825592,1.0881691968442733e-07
3,32,48,3.1381528824567795,51.21574108488858,10.075385915115476,14.991157921031117,4.676188807934523,0.21202396601438522,2.417209696347791e-08
3,32,49,3.5452700685709715,50.38150097243488,9.807280963286757,13.170282123610377,4.4846311211586,0.14536315575242043,1.2403966785882685e-08
3,32,50,3.5215860698372126,50.93470914289355,9.737074840813875,13.62392003647983,4.481609910726547,0.13893400318920612,3.5562619295183094e-08
3,32,51,3.562991041690111,50.6094410084188,9.95683204382658,13.6495609767735,4.210919141769409,0.18577207811176777,1.5662957820155062e-08
3,32,52,3.5940108355134726,50.36171595565975,9.769792901352048,13.771133031696081,4.534401930868626,0.12876000255346298,1.613574175814576e-08
3,32,53,3.5049961879849434,52.757347002625465,9.208866860717535,12.200054945424199,4.052808973938227,0.1306449994444847,8.003065253473648e-08
3,32,54,3.509890055283904,49.22306095249951,9.739272063598037,13.45973601564765,4.662992898374796,0.16915099695324898,1.6246839239995468e-08
3,32,55,4.238744964823127,51.487759221345186,9.670234052464366,14.101505046710372,4.521567141637206,0.13380195014178753,2.892548164874662e-08
3,32,56,4.099145065993071,47.974898014217615,9.611357934772968,14.417891157791018,4.315621918067336,0.13011600822210312,2.7747920495230428e-08
3,32,57,2.9800308402627707,48.438834957778454,9.59723792038858,13.234199024736881,4.343745997175574,0.13652490451931953,3.223159008524034e-08
3,32,58,2.59636202827096,48.787893960252404,8.912118850275874,12.334759114310145,4.071393981575966,0.14533917419612408,1.8459715282180175e-08
3,32,59,2.4990930687636137,45.76939297839999,8.830599021166563,12.330776080489159,4.05937316827476,0.15208707191050053,4.831295000454804e-08
3,32,60,3.510743146762252,50.23766402155161,9.916547918692231,13.739418936893344,4.665131913498044,0.17294986173510551,1.1564691151760652e-08
3,32,61,4.486466059461236,49.20522798784077,9.868312161415815,13.417111011222005,4.484924022108316,0.146862817928195,3.207520098174836e-08
3,32,62,3.46222217194736,48.142960062250495,9.992505889385939,13.78609798848629,4.378471989184618,0.15116017311811447,2.0969012553783528e-08
3,32,63,4.400647943839431,51.191914826631546,10.26236405596137,13.48504307679832,4.29452583193779,0.14512287452816963,5.2371351522391194e-08
3,32,64,3.1715051736682653,50.95092090778053,10.479466989636421,13.619089033454657,4.554474027827382,0.14136102981865406,2.8879164013929453e-08
3,32,65,3.453365992754698,49.987714970484376,9.926005965098739,13.416358036920428,4.695978946983814,0.13018911704421043,1.598255237051652e-08
3,32,66,3.754975041374564,50.99763488397002,11.181524954736233,14.206970110535622,4.505509044975042,0.1388669479638338,1.020169129000227e-08
3,32,67,3.509760135784745,50.10015005245805,9.927408071234822,13.592317933216691,4.538344917818904,0.15073013491928577,3.428738607883777e-08
3,32,68,3.0982510652393103,51.24460905790329,9.805548004806042,13.058064971119165,5.076981149613857,0.16367901116609573,1.4021229089276749e-08
3,32,69,4.1578710079193115,50.00257003121078,10.100791929289699,14.808940002694726,4.430476110428572,0.13607810251414776,3.388392867328556e-08
3,32,70,3.4995470196008682,46.859096037223935,9.6754957921803,13.296630000695586,4.176126094534993,0.12690084986388683,1.6308130231414733e-08
3,32,71,3.7975008599460125,52.08708602003753,9.983377996832132,13.36372084915638,5.057677859440446,0.20804698579013348,3.59749654755072e-08
3,32,72,3.4959258046001196,47.099753050133586,9.635321097448468,13.80199403502047,4.400532925501466,0.12804800644516945,2.2163477879428762e-08
3,32,73,3.47356591373682,47.753600869327784,9.465537965297699,13.151217950507998,4.560114117339253,0.12393412180244923,2.2924982063254564e-08
3,32,74,3.5008289851248264,46.93536693230271,9.483649162575603,12.767595006152987,4.282794892787933,0.1575159840285778,3.8762550519915033e-08
3,32,75,3.470849012956023,50.889262929558754,9.494154015555978,12.908866163343191,4.600888816639781,0.12564891949295998,8.622703373213814e-09
3,32,76,3.5169431939721107,51.84246483258903,10.034776059910655,13.492162805050611,4.428295884281397,0.14258711598813534,2.323869493035049e-08
3,32,77,3.4987370017915964,49.8772959690541,9.635612135753036,13.16817500628531,4.292645025998354,0.15607289969921112,1.9540408149394956e-08
3,32,78,3.6786601413041353,47.21597000025213,12.026119977235794,14.3725851085037,4.646309884265065,0.13895495794713497,3.839771835619016e-08
3,32,79,3.363528987392783,48.923501977697015,10.36204001866281,13.508735923096538,4.501311806961894,0.14567910693585873,1.7235580472754765e-08
3,32,80,3.118711058050394,49.46204507723451,9.605679893866181,13.311422895640135,4.290393786504865,0.12598000466823578,2.9437596586175856e-08
3,32,81,3.48970596678555,51.34864593856037,9.584864135831594,13.50713986903429,4.5163300819695,0.12937490828335285,6.274378393629568e-08
3,32,82,2.1693899761885405,68.4602449182421,16.760132974013686,24.370691971853375,7.185037015005946,0.2453438937664032,3.288267352964893e-08
3,32,83,3.465001005679369,49.32608990930021,8.81757284514606,12.091354932636023,4.031207179650664,0.12304307892918587,2.6406770010761142e-08
3,32,84,3.4293988719582558,45.28810502961278,8.80637182854116,12.084010988473892,4.046658985316753,0.12388499453663826,1.622470733220139e-08
3,32,85,3.879504045471549,47.39594389684498,9.855031967163086,13.298578793182969,4.62042517028749,0.1396730076521635,3.23410257754772e-08
3,32,86,4.061918007209897,50.20255991257727,10.545777156949043,13.323405059054494,4.382794024422765,0.14054402709007263,4.570649828739198e-08
3,32,87,3.513733856379986,49.90749200806022,9.587476029992104,14.148466056212783,4.964450839906931,0.13511115685105324,2.0319164330292826e-08
3,32,88,3.4636498894542456,49.63720799423754,9.994057938456535,13.298512902110815,4.654705990105867,0.1439480111002922,3.085708270913648e-08
3,32,89,3.5006538964807987,48.84364712052047,9.65518201701343,13.341523008421063,4.21347189694643,0.14622905291616917,3.197608727752846e-08
3,32,90,3.4998669289052486,49.53662888146937,9.917213814333081,13.858160935342312,5.138316890224814,0.14168093912303448,2.5461091952424785e-08
3,32,91,3.965918906033039,49.42476097494364,9.670715080574155,13.377107912674546,4.787172889336944,0.22911210544407368,2.7185291218363365e-08
3,32,92,3.496029879897833,48.20107505656779,9.622826939448714,13.202770845964551,4.413953982293606,0.13518286868929863,2.1566522860805488e-08
3,32,93,3.5547318402677774,50.958929816260934,9.652896085754037,15.334154944866896,5.611112108454108,0.16400590538978577,5.2629634028174306e-08
3,32,94,3.5133189521729946,50.158873898908496,9.547841036692262,13.31433397717774,4.54033212736249,0.13303221203386784,4.196736290681881e-08
3,32,95,3.0867981258779764,46.0213590413332,8.832097984850407,12.179371900856495,4.035010002553463,0.122786033898592,4.534830409139468e-08
3,32,96,3.4822761081159115,46.18911794386804,8.798636961728334,12.088249903172255,4.044472007080913,0.12250407598912716,1.0234424001384929e-08
3,32,97,3.4749789629131556,46.46346787922084,8.806135971099138,12.078567873686552,4.026960814371705,0.12276181951165199,2.047173040169783e-08
3,32,98,3.6227907985448837,52.51380894333124,9.813307086005807,13.285112101584673,5.322772078216076,0.14586187899112701,1.5299045597156995e-08
3,32,99,3.07819084264338,48.04550297558308,9.691009065136313,13.833549106493592,4.209519829601049,0.1298082061111927,3.234819574138151e-08
4,64,0,3.557563992217183,49.000614788383245,10.052876081317663,13.273036107420921,4.536874825134873,0.15527685172855854,2.0682137850832175e-08
4,64,1,3.47606698051095,50.91110407374799,9.770754957571626,13.155625201761723,5.1494010258466005,0.16875285655260086,7.285022086951041e-09
4,64,2,3.4870209638029337,47.50108299776912,9.639127179980278,13.019134989008307,4.182561999186873,0.1593290362507105,1.9122572565190345e-08
4,64,3,2.1352870389819145,69.15782205760479,18.53411295451224,26.563652092590928,7.815049029886723,0.33278297632932663,1.835635809813816e-08
4,64,4,3.747752169147134,50.39335391484201,10.254224063828588,14.439383056014776,4.9367418978363276,0.16586598940193653,2.5181300692804065e-08
4,64,5,3.6020739935338497,50.36089406348765,9.897931944578886,14.507890911772847,4.3029929511249065,0.16964110545814037,1.4301354043794137e-08
4,64,6,3.6919580306857824,48.6271979752928,9.85891092568636,13.439474860206246,4.501909948885441,0.16087107360363007,3.098922783093354e-08
4,64,7,3.508932888507843,47.695848159492016,10.126739041879773,13.41965887695551,4.503294127061963,0.16090902499854565,2.6611591063787575e-08
4,64,8,3.492014016956091,45.81752698868513,8.828243939206004,12.259582988917828,4.141977056860924,0.1484870444983244,2.3721146245525574e-08
4,64,9,3.409008029848337,48.738098004832864,9.846342960372567,13.4256889577955,4.65328199788928,0.16855401918292046,1.5066534848164483e-08
4,64,10,3.494181903079152,50.470363115891814,8.854795014485717,13.330803951248527,5.004633916541934,0.1739109866321087,1.8227959118818354e-08
4,64,11,2.544372109696269,46.06171092018485,9.704527910798788,13.19703902117908,4.243252100422978,0.16425596550107002,2.813778537217486e-08
4,64,12,3.4632429014891386,49.61097496561706,10.088209062814713,14.708278002217412,4.941037157550454,0.20165112800896168,1.2554975857876841e-08
4,64,13,3.0830251052975655,48.33131888881326,8.834701962769032,12.058947002515197,4.031936172395945,0.14611799269914627,3.74064514214044e-08
4,64,14,3.6118950229138136,47.01517312787473,9.807443944737315,13.408427825197577,4.081830149516463,0.15219300985336304,1.6677458269417938e-08
4,64,15,3.484871005639434,50.045667914673686,10.191839886829257,12.745314044877887,4.378782119601965,0.16510789282619953,2.0755772783352598e-08
4,64,16,3.4509520046412945,50.366068026050925,9.420843096449971,13.201620895415545,4.6322341077029705,0.1483340747654438,1.919966099382904e-08
4,64,17,2.9234769754111767,45.07031408138573,8.918012026697397,12.144085951149464,4.145539132878184,0.14758692122995853,2.1840216012504938e-08
4,64,18,4.219898954033852,50.56624300777912,9.811102878302336,13.790140859782696,4.474889021366835,0.15908898785710335,4.3942616828720474e-08
4,64,19,3.5272028762847185,49.783163936808705,9.857038967311382,14.338859124109149,4.434200935065746,0.16479706391692162,2.4901948648569214e-08
4,64,20,4.291350021958351,50.495598930865526,9.957516100257635,13.119569979608059,4.3245358392596245,0.17479388043284416,2.0200166655974543e-08
4,64,21,3.4779109992086887,50.8016929961741,9.784265886992216,13.285086955875158,4.179638111963868,0.15971390530467033,3.268595218431035e-08
4,64,22,3.1293651554733515,49.252250930294394,8.89383303001523,12.118634069338441,4.052165895700455,0.15336298383772373,4.098726712166842e-08
4,64,23,3.5049619618803263,48.96267782896757,10.16932399943471,13.61836795695126,4.481366137042642,0.16663898713886738,4.203292011259932e-08
4,64,24,3.6027610767632723,48.862281953915954,9.516864083707333,13.54893809184432,4.385011037811637,0.1614650245755911,3.65806019951631e-08
4,64,25,4.026004113256931,47.29034611955285,10.102316038683057,13.336433097720146,4.313332960009575,0.15336903743445873,2.014976423138755e-08
4,64,26,4.592404933646321,48.65006101317704,10.263912146911025,13.643000973388553,4.492607899010181,0.1687798649072647,2.5258365812460723e-08
4,64,27,3.1009679660201073,47.8732930496335,8.8226362131536,12.070203199982643,4.037422128021717,0.15005981549620628,3.569659113555093e-08
4,64,28,3.3055979292839766,49.77674502879381,10.384304914623499,13.507115887477994,4.533252911642194,0.19608298316597939,2.0387928213849138e-08
4,64,29,3.511562943458557,48.83630317635834,9.58738592453301,13.035659911110997,4.465754143893719,0.18180394545197487,2.559175717224916e-08
4,64,30,3.6162431351840496,49.70380384474993,10.035677812993526,13.773992890492082,4.4903571251779795,0.23254682309925556,1.6547490642038143e-08
4,64,31,3.5061780363321304,50.69845891557634,9.88505594432354,13.745022937655449,4.391806898638606,0.1725850161164999,1.4691924867150277e-08
4,64,32,3.484315937384963,52.14377399533987,10.859580943360925,13.910799054428935,4.410728113725781,0.16525713726878166,1.1658778850010184e-08
4,64,33,3.54342395439744,52.70003015175462,9.804934030398726,13.963378965854645,4.6340301632881165,0.18186704255640507,1.3106044733530134e-08
4,64,34,3.4886240027844906,47.542579006403685,9.500205982476473,13.445012969896197,4.575769882649183,0.17368304543197155,3.5916879032565036e-08
4,64,35,3.5241490695625544,50.82377581857145,9.7639299929142,13.618214055895805,4.660921869799495,0.18612504936754704,9.774850176736728e-09
4,64,36,3.5077400971204042,50.052461912855506,8.884642040356994,12.116461992263794,4.052961943671107,0.15740306116640568,1.8815535638351063e-08
4,64,37,3.5334250424057245,50.510519882664084,9.709639009088278,13.196277897804976,4.5159209985286,0.17663603648543358,4.01633404117951e-08
4,64,38,3.6365760024636984,49.34620391577482,9.490496013313532,13.369642896577716,4.504543961957097,0.1609551254659891,3.13482776893692e-08
4,64,39,3.543504048138857,51.35302199050784,10.23326301947236,14.053108170628548,4.421632969751954,0.18361187539994717,4.058818374544798e-08
4,64,40,3.511832095682621,52.61007510125637,9.872922906652093,13.68291792459786,4.850310971960425,0.20894198678433895,3.5861195050431665e-08
4,64,41,3.5098257940262556,47.317006858065724,8.84612207300961,12.135752942413092,4.035827005282044,0.15223096124827862,1.541232659347823e-08
4,64,42,4.54488699324429,51.383595215156674,9.811587864533067,13.609147164970636,4.441277123987675,0.18713390454649925,5.4122914070291585e-08
4,64,43,3.526365151628852,50.927822943776846,10.03962499089539,13.688779901713133,4.471179097890854,0.1655879896134138,1.2732143287942718e-08
4,64,44,3.63449496217072,49.75241282954812,9.600082179531455,13.474798062816262,4.061145009472966,0.16072788275778294,3.1728198625272464e-08
4,64,45,3.5157930105924606,46.970954863354564,9.571471950039268,12.853188905864954,4.225188167765737,0.15636091120541096,1.8732323790802327e-08
4,64,46,3.536609001457691,48.01341099664569,8.865482872352004,12.176484102383256,4.041024949401617,0.16203010454773903,4.345536154955689e-08
4,64,47,3.52458911947906,49.56028703600168,9.699291083961725,13.328280998393893,4.42171492613852,0.1612131018191576,1.108023480404801e-08
4,64,48,3.622350050136447,49.986929865553975,9.29957814514637,12.448983965441585,4.2969409842044115,0.207425095140934,2.6035811529205345e-08
4,64,49,3.5422800574451685,49.49203599244356,9.044236969202757,12.356701074168086,4.162536934018135,0.1607260201126337,2.5768706728702977e-08
4,64,50,3.5289700608700514,45.63164198771119,8.964540902525187,12.349236058071256,4.081127000972629,0.15283003449440002,2.6183959718503316e-08
4,64,51,3.6295601166784763,47.648337902501225,9.52872191555798,13.104897923767567,4.161163000389934,0.15413598157465458,2.8033505876353988e-08
4,64,52,3.4873331896960735,50.36318092606962,9.664986981078982,12.724478961899877,4.455429036170244,0.15306309796869755,3.903757939548003e-08
4,64,53,3.5358178429305553,52.80383909121156,9.762343019247055,13.812839053571224,4.482763819396496,0.165881821885705,1.622526811877928e-08
4,64,54,3.501031082123518,47.32853197492659,9.263714076951146,12.850804021582007,4.236728884279728,0.14794012531638145,2.5928341198974417e-08
4,64,55,3.5301358439028263,50.002000061795115,9.68457106500864,13.275790959596634,4.228296922519803,0.1577809453010559,3.2199887098734195e-08
4,64,56,2.862256020307541,47.530308831483126,9.623009944334626,13.747134013101459,4.390691872686148,0.17854408361017704,1.457261521104423e-08
4,64,57,3.6324351094663143,48.994926968589425,9.815497091040015,13.360632117837667,4.662382882088423,0.17676199786365032,2.2927973343739122e-08
4,64,58,3.541541052982211,49.413318978622556,9.45151294581592,12.975282035768032,4.345125984400511,0.15448615886271,1.5839415191999797e-08
4,64,59,3.534638090059161,48.7392139621079,8.87135905213654,12.239258037880063,4.049809882417321,0.15296600759029388,1.4839847115669377e-08
4,64,60,3.1633370090276003,51.71498004347086,9.195675142109394,12.718411860987544,4.154006019234657,0.16016210429370403,1.5777177146201592e-08
4,64,61,3.078936832025647,50.2995231654495,9.170433972030878,12.896141037344933,4.138992168009281,0.1568361185491085,2.6215073133617204e-08
4,64,62,3.491892945021391,46.61225085146725,9.012243943288922,12.41697184741497,4.259255947545171,0.16439007595181465,4.650808394120259e-08
4,64,63,3.5613500513136387,48.685095040127635,8.97806603461504,13.464221032336354,4.109909990802407,0.15128706581890583,1.5672315943806753e-08
4,64,64,3.5032399464398623,46.88741406425834,8.859503082931042,12.139360187575221,4.051571944728494,0.16394304111599922,1.7679858656501407e-08
4,64,65,3.723164089024067,51.745162112638354,9.859538869932294,13.431980973109603,5.000436911359429,0.17486512660980225,1.3919349662758758e-08
4,64,66,3.5347191151231527,48.4392459038645,10.205142199993134,13.640749035403132,4.681184887886047,0.1701789442449808,4.1923307655363235e-08
4,64,67,3.5595358349382877,49.16178807616234,10.308220982551575,13.868806883692741,4.9586480017751455,0.17013191245496273,8.088933299559175e-09
4,64,68,3.5942101385444403,48.87352394871414,10.007076896727085,13.526826165616512,4.428827203810215,0.15827291645109653,4.558015979142494e-08
4,64,69,3.5158388782292604,49.342996906489134,10.075767058879137,13.63820699043572,4.410972818732262,0.16828300431370735,2.1187058761963273e-08
4,64,70,3.5167611204087734,48.1849170755595,9.883672930300236,14.03493108227849,4.151480970904231,0.15145400539040565,2.7061687370909686e-08
4,64,71,3.5592711064964533,46.8447629828006,9.520449908450246,12.74722209200263,4.325496032834053,0.1696248073130846,1.5363859968596346e-08
4,64,72,3.5456870682537556,50.88355205953121,9.75989201106131,13.330955058336258,4.904288100078702,0.17362600192427635,2.6357034325771942e-08
4,64,73,3.543586004525423,47.826782101765275,10.050621815025806,15.141180017963052,4.906245041638613,0.1926850527524948,1.3154156277246536e-08
4,64,74,3.2808538526296616,48.67810197174549,9.527628077194095,13.292049989104271,4.658496007323265,0.15610107220709324,1.511971801352583e-08
4,64,75,3.537938930094242,48.812035005539656,9.415437933057547,12.93502701446414,4.136658040806651,0.1659039407968521,3.884932661941345e-08
4,64,76,3.631704021245241,53.9971049875021,10.0681958720088,13.38924397714436,4.966093925759196,0.16722199507057667,4.107864947925175e-08
4,64,77,3.545762039721012,48.91003202646971,8.891116129234433,12.208659201860428,4.044617060571909,0.16516214236617088,2.3908356926497862e-08
4,64,78,3.4989258274435997,50.06251111626625,9.467575000599027,12.759781908243895,4.256846150383353,0.1668110489845276,2.0909901293028942e-08
4,64,79,3.5542298574000597,50.795891089364886,9.595361072570086,13.28291092067957,4.201760981231928,0.1720050349831581,5.854642912922647e-08
4,64,80,3.5467511042952538,49.603252904489636,9.603266837075353,13.002251042053103,4.319509956985712,0.1755659468472004,3.725432689033524e-08
4,64,81,3.503866959363222,49.435167806223035,9.112854022532701,13.311306945979595,4.206781042739749,0.17513497732579708,3.186428575570664e-08
4,64,82,3.489797003567219,47.43050900287926,9.026734856888652,12.404862092807889,4.115496063604951,0.1624228898435831,1.2474359770623463e-08
4,64,83,3.4951139241456985,49.70396705903113,9.570664959028363,13.346140971407294,4.532316932454705,0.19124080426990986,1.8338163976345302e-08
4,64,84,3.5343908239156008,48.47996192984283,10.04530186764896,13.333951821550727,4.477245965972543,0.16586505807936192,2.339024450669678e-08
4,64,85,3.5269318614155054,51.21134105138481,9.819030063226819,13.500425033271313,4.86240885220468,0.1546659041196108,1.9549448674172858e-08
4,64,86,3.5095619969069958,46.93140788003802,9.492203127592802,12.696516932919621,4.184389021247625,0.17910683527588844,2.669220788429776e-08
4,64,87,3.4875001292675734,48.499407013878226,8.8106170296669,12.203674064949155,4.042719025164843,0.150731997564435,3.459045532477606e-08
4,64,88,3.526523010805249,50.267338985577226,9.272322990000248,13.204635819420218,4.183491924777627,0.1764779444783926,2.9781898367389446e-08
4,64,89,3.5382111091166735,49.824247835204005,9.52920294366777,12.675018049776554,4.303181078284979,0.17747003585100174,3.3422554685209464e-08
4,64,90,3.5353838466107845,48.082479974254966,9.17088589631021,12.741304002702236,4.144418053328991,0.1577800139784813,1.7297543297191347e-08
4,64,91,3.5341440234333277,48.951392993330956,9.407772915437818,12.70175795070827,4.175377078354359,0.16108108684420586,1.814151531621235e-08
4,64,92,3.4955269657075405,50.359985092654824,9.282577782869339,12.803860008716583,4.287969088181853,0.16178889200091362,2.0896934999659623e-08
4,64,93,3.6954921670258045,48.03218110464513,9.826760971918702,13.573419069871306,4.685234976932406,0.1739352010190487,3.150690685795734e-08
4,64,94,3.5131860058754683,48.69573703035712,9.844538988545537,13.204400893300772,4.625970032066107,0.15635695308446884,9.90125550477084e-09
4,64,95,3.7657059729099274,49.52202504500747,10.031157173216343,14.477660181000829,4.348355811089277,0.17257500439882278,1.1850946949017776e-08
4,64,96,2.3238149005919695,42.94389090500772,8.88382806442678,12.169805122539401,4.04069316573441,0.14892290346324444,5.60428325300201e-08
4,64,97,3.540164092555642,49.08938310109079,8.974123978987336,12.387043097987771,4.067524103447795,0.16343104653060436,3.728279942188599e-08
4,64,98,3.262815997004509,50.30702706426382,10.129347210749984,13.968487968668342,4.217958077788353,0.1627439633011818,1.8142067324697106e-08
4,64,99,3.5458749625831842,50.433168886229396,12.190883979201317,14.386394992470741,4.876202903687954,0.1807918306440115,2.026346031438268e-08
5,64,0,3.5315731074661016,51.54233402572572,9.477267973124981,13.062092009931803,4.17306600138545,0.17741392366588116,2.053469881221982e-08
5,64,1,3.547149943187833,50.354738952592015,9.611862944439054,13.135181972756982,4.300024127587676,0.19330601207911968,2.559579923188794e-08
5,64,2,3.5368530079722404,48.70426608249545,8.894508006051183,12.290271930396557,4.058304941281676,0.15747500583529472,2.542760407400805e-08
5,64,3,3.4823601599782705,46.82179191149771,9.120524860918522,12.461029924452305,4.035104066133499,0.14797109179198742,3.7548053898145595e-08
5,64,4,3.499027108773589,45.455477898940444,8.880659006536007,12.179702054709196,4.061084007844329,0.15866803005337715,2.7419335215535772e-08
5,64,5,3.533534938469529,49.00519107468426,9.63963195681572,13.034729054197669,4.467535065487027,0.1844530925154686,1.517522366570341e-08
5,64,6,3.4983311779797077,48.32260892726481,9.252697927877307,13.01669585518539,4.438573960214853,0.15748501755297184,3.0748647976537836e-08
5,64,7,3.5345370415598154,50.00164499506354,9.566301014274359,12.89496198296547,4.452483030036092,0.1734369434416294,3.7951750292273874e-08
5,64,8,3.499021055176854,47.38379316404462,9.823614964261651,13.523821951821446,4.424601094797254,0.1604191493242979,3.337780000487155e-08
5,64,9,3.4462071489542723,47.07531211897731,9.64069296605885,13.020616956055164,4.411652917042375,0.18698698841035366,2.4317667648621223e-08
5,64,10,3.5100739914923906,51.67375900782645,9.679270908236504,13.695993926376104,4.575808998197317,0.16210484318435192,3.399603362670024e-08
5,64,11,3.173012984916568,47.79516998678446,8.864514995366335,12.16953294351697,4.055987810716033,0.16251788474619389,1.2166271807417115e-08
5,64,12,3.5401619970798492,45.7610001321882,8.851940045133233,12.344203889369965,4.031938966363668,0.15490618534386158,1.2916664159478403e-08
5,64,13,3.5220650024712086,47.15429083444178,9.392383974045515,12.822700897231698,4.314707824960351,0.17143506556749344,2.3649084322395506e-08
5,64,14,3.545922925695777,47.80054185539484,9.566752007231116,12.800156138837337,4.27754083648324,0.17441296949982643,3.585201830863589e-08
5,64,15,3.5475578624755144,48.39370888657868,9.881287114694715,13.534873956814408,4.310424905270338,0.15824497677385807,3.571512716022293e-08
5,64,16,3.5238799173384905,46.588723082095385,9.081466123461723,12.60522403754294,4.198092967271805,0.1645709853619337,1.1618492616330704e-08
5,64,17,3.516723169013858,45.945921214297414,9.633178124204278,14.012939063832164,4.4150459580123425,0.17225509509444237,2.5296978485846645e-08
5,64,18,3.5302210599184036,46.733977971598506,9.643333032727242,12.966091046109796,4.291110904887319,0.15737488865852356,3.5452018907653756e-08
5,64,19,3.535649972036481,47.443830873817205,9.712078841403127,15.00805583782494,4.3585230596363544,0.159810995683074,1.9029290865239776e-08
5,64,20,3.529743989929557,47.31900105252862,8.874661987647414,12.287704972550273,4.06224699690938,0.15970412641763687,1.750901745751171e-08
5,64,21,3.577637020498514,52.74637509137392,9.922066004946828,13.226311886683106,4.220969043672085,0.16927090473473072,5.244198072619139e-08
5,64,22,3.0955630354583263,47.16899711638689,8.81853699684143,12.086637085303664,4.032274940982461,0.14775292947888374,2.2249093796794238e-08
5,64,23,3.4827198833227158,50.52662291564047,9.79022798128426,13.56768305413425,5.251236958429217,0.23698899894952774,1.9211848977401758e-08
5,64,24,3.5097249783575535,51.21038784272969,9.46426298469305,12.82314583659172,4.507998004555702,0.15998492017388344,1.1005069654333073e-08
5,64,25,3.535456955432892,46.62574897520244,9.409812977537513,12.911478988826275,4.257421940565109,0.18707197159528732,3.3496835324974966e-08
5,64,26,3.5340178292244673,48.46577602438629,8.967220084741712,12.35535996966064,4.046022891998291,0.15972903929650784,2.641066648209831e-08
5,64,27,3.5340171307325363,46.922299079596996,9.250055998563766,12.653633952140808,4.155977861955762,0.17365789972245693,3.548410006418994e-08
5,64,28,3.497353056445718,48.90699288807809,9.302743012085557,13.071099063381553,4.035949939861894,0.1448080874979496,5.739565456516084e-08
5,64,29,3.5446060355752707,49.18544692918658,9.635007940232754,13.124819844961166,4.254742059856653,0.1713009551167488,3.066160481099126e-08
5,64,30,3.5448388662189245,49.29175600409508,9.678613860160112,13.083971105515957,4.377707839012146,0.17718900926411152,2.585773770132324e-08
5,64,31,3.532322123646736,49.69244007952511,9.116502944380045,12.282797135412693,4.219104070216417,0.17596594989299774,2.7967135622147984e-08
5,64,32,3.5065680276602507,48.17592911422253,8.925182977691293,12.096905149519444,4.039359046146274,0.14664791524410248,3.999471793679527e-08
5,64,33,3.536256030201912,48.4929031226784,9.35007305815816,12.794686015695333,4.544520052149892,0.174621120095253,1.0688132316628731e-08
5,64,34,3.544664941728115,46.52215004898608,9.520754916593432,13.177660992369056,4.2081058491021395,0.19412697292864323,1.8608832054701385e-08
5,64,35,3.2060930971056223,49.628626089543104,10.826118988916278,14.209560118615627,4.534575855359435,0.1710259821265936,2.4682535379076735e-08
5,64,36,3.517197910696268,49.93730899877846,9.49411978945136,13.000634033232927,4.540523048490286,0.16113999299705029,2.2699040323595805e-08
5,64,37,3.631096100434661,46.953378012403846,9.899264201521873,14.553871005773544,4.364814143627882,0.16197911463677883,2.94153828252106e-08
5,64,38,3.4339900594204664,46.116439858451486,9.083391167223454,12.171239126473665,4.064504988491535,0.1653730869293213,1.997267511946529e-08
5,64,39,3.5568398889154196,49.44994603283703,9.586680913344026,12.99734809435904,4.300192929804325,0.19238307140767574,1.8447145969866727e-08
5,64,40,2.857584971934557,48.46603516489267,8.861311944201589,12.183181941509247,4.046434070914984,0.17699715681374073,2.2498713418909898e-08
5,64,41,3.5444009117782116,48.586464021354914,9.590600850060582,13.136918190866709,4.3088579550385475,0.16125105321407318,2.9160730986721983e-08
5,64,42,3.531426889821887,47.03964106738567,9.170691948384047,12.506810948252678,4.157644230872393,0.15889783389866352,1.3266941223132066e-08
5,64,43,3.511114977300167,48.525101970881224,9.344081860035658,12.90014898404479,4.307339899241924,0.16606994904577732,6.37377553690433e-08
5,64,44,3.5083128605037928,47.80803993344307,9.067398961633444,12.694683158770204,4.057710058987141,0.17936201766133308,2.6015537351602636e-08
5,64,45,3.5552741028368473,50.3922188654542,9.166317991912365,12.561430921778083,4.277352010831237,0.16410881653428078,2.701613899054288e-08
5,64,46,3.5328359808772802,50.49931909888983,9.048862848430872,12.757773976773024,4.117975942790508,0.18115504644811153,2.6344714471905037e-08
5,64,47,3.5166689194738865,46.28252214752138,9.622581070289016,13.152657076716423,4.40114107914269,0.1649309415370226,2.6692791761228777e-08
5,64,48,3.5048348363488913,46.756227966398,8.810802828520536,12.086372822523117,4.057657904922962,0.1541641540825367,2.0813047383079896e-08
5,64,49,3.5497129429131746,47.68588813021779,9.408609010279179,13.312934897840023,4.259232897311449,0.17365510575473309,1.4714742853429082e-08
5,64,50,3.5518889781087637,48.37524192407727,9.251896059140563,12.558159185573459,4.382244078442454,0.1785538624972105,2.897912309781791e-08
5,64,51,3.520859871059656,50.36288988776505,9.269187925383449,12.859197100624442,4.178326111286879,0.15651900321245193,1.5868657527488227e-08
5,64,52,3.4924789797514677,46.27060703933239,9.197253035381436,12.699188897386193,4.397768992930651,0.1496479380875826,1.0108716150653247e-08
5,64,53,3.5491851158440113,45.64178502187133,8.867403957992792,12.469717068597674,4.057999001815915,0.162431038916111,2.2919618993370548e-08
5,64,54,3.5399049520492554,49.40649005584419,8.96587292663753,12.298569083213806,4.142798949033022,0.17215986736118793,3.2981380176451016e-08
5,64,55,3.085474018007517,48.244446981698275,8.89478507451713,12.272575171664357,4.022367997094989,0.14489609748125076,1.3992012434170323e-08
5,64,56,3.168742870911956,49.00162713602185,9.358713869005442,12.84020091407001,4.319925094023347,0.16488484106957912,4.3141718376776083e-08
5,64,57,3.544060979038477,46.862154034897685,9.387088008224964,13.020376907661557,4.152233945205808,0.17038406804203987,2.742356266001915e-08
5,64,58,3.542741062119603,47.77988092973828,8.977603865787387,12.31850404292345,4.12451708689332,0.15823892317712307,3.148417509633805e-08
5,64,59,3.5016718320548534,46.604125993326306,9.25043411552906,12.835829984396696,4.253090126439929,0.16886205412447453,2.0970892921769574e-08
5,64,60,3.5030159633606672,47.215948812663555,9.04604815877974,12.985635083168745,4.410401917994022,0.15601003542542458,3.085462736156901e-08
5,64,61,3.5344120115041733,49.99141790904105,9.171200916171074,12.685630936175585,4.0689760353416204,0.17052283510565758,4.200186299952811e-08
5,64,62,3.4860160667449236,48.77256113104522,8.9419970754534,12.347688898444176,4.261011956259608,0.14487816952168941,2.120028458476075e-08
5,64,63,3.5256450064480305,48.89026703312993,8.859629975631833,12.141834944486618,4.056158941239119,0.15909597277641296,2.102439174198969e-08
5,64,64,3.52668110281229,45.584565959870815,9.288439061492682,12.819907860830426,4.214804852381349,0.1746220514178276,1.5239431234301215e-08
5,64,65,3.289174987003207,46.80197616107762,8.843432879075408,12.147931847721338,4.039884079247713,0.15997816808521748,2.1891152145812622e-08
5,64,66,3.5427790135145187,47.63415805064142,8.879126980900764,12.13940605521202,4.02890401892364,0.1647118479013443,1.5515185597111502e-08
5,64,67,3.1297479290515184,49.553151009604335,9.049482177942991,12.493195943534374,4.053871147334576,0.15900284051895142,2.327802133971263e-08
5,64,68,3.5389100667089224,48.31264913082123,9.094835026189685,12.342351023107767,4.162137163802981,0.1564440317451954,1.48255750449766e-08
5,64,69,3.483397886157036,48.43793692998588,8.796007139608264,12.107256799936295,4.028588067740202,0.1479429192841053,2.7387342667036364e-08
5,64,70,3.549478016793728,50.14422815293074,9.113576961681247,12.5275410246104,4.065779969096184,0.16549997963011265,1.2127335061736017e-08
5,64,71,3.5309400409460068,49.85254514031112,9.44265816360712,13.364047044888139,4.1870190761983395,0.1595949288457632,2.7506226460078665e-08
5,64,72,3.5328210797160864,50.70575699210167,9.521747939288616,13.212047051638365,4.381292033940554,0.16373000107705593,3.6420843409883166e-08
5,64,73,2.777055138722062,47.994909109547734,9.284631116315722,12.894824845716357,4.296523984521627,0.15594810247421265,1.5372948547995117e-08
5,64,74,3.558696946129203,52.15634102933109,10.639531072229147,14.502556063234806,4.86157787963748,0.18778000958263874,3.83360174727513e-08
5,64,75,3.5308338701725006,49.16253197006881,9.460651082918048,12.916146079078317,4.528755089268088,0.16994099132716656,3.5168918791856635e-08
5,64,76,3.5367070231586695,49.01715088635683,8.981321007013321,12.587363133206964,4.443445010110736,0.17506093718111515,2.0049336096922973e-08
5,64,77,3.502461826428771,46.560921939089894,9.99118504114449,13.271188829094172,4.542473936453462,0.16712816432118416,1.95284069865978e-08
5,64,78,3.536251140758395,48.575674183666706,9.67512489296496,13.286194065585732,4.3265188578516245,0.18191803246736526,2.8304260565587917e-08
5,64,79,3.519263816997409,48.35224198177457,9.78648685850203,13.500376138836145,4.373468924313784,0.17547211609780788,1.4009409493538243e-08
5,64,80,4.538459004834294,46.8379189260304,9.380667936056852,13.35791009478271,4.406740888953209,0.17295405268669128,2.1997482679680555e-08
5,64,81,3.498234786093235,48.96853398531675,9.142077062278986,12.398714199662209,4.237859975546598,0.15054689720273018,1.708249075064383e-08
5,64,82,3.5492100287228823,46.99175292626023,8.89091589488089,12.158391997218132,4.068931099027395,0.16830302774906158,1.3865726364753757e-08
5,64,83,3.5341959446668625,50.24037812836468,9.46704507805407,13.110277010127902,4.282424924895167,0.17483695410192013,2.5866321372306332e-08
5,64,84,3.5300669260323048,49.20825408771634,8.972882060334086,12.275286950170994,4.141682991757989,0.15276111662387848,1.314955642307472e-08
5,64,85,3.5422591026872396,48.9426429849118,9.803825989365578,13.022541999816895,4.497817950323224,0.16587506979703903,2.908265170057596e-08
5,64,86,3.5569360479712486,47.492519952356815,8.891880977898836,12.1491439640522,4.057476995512843,0.164498807862401,1.7560573630376157e-08
5,64,87,2.8269710019230843,46.990216011181474,9.028304135426879,12.506586965173483,4.051662981510162,0.16170204617083073,1.4865556527710549e-08
5,64,88,3.533699084073305,47.050975961610675,9.425117168575525,12.875318061560392,4.073485964909196,0.16407296061515808,2.1381430575485212e-08
5,64,89,2.6062719989567995,48.218530137091875,8.879994042217731,12.16968591324985,4.067572997882962,0.1629120670258999,1.596622700276919e-08
5,64,90,3.5277719143778086,47.649862011894584,9.873415809124708,13.276632875204086,4.433449124917388,0.18764706328511238,2.3848880341146892e-08
5,64,91,3.5340730100870132,49.6311557944864,9.802122134715319,13.539578998461366,4.388315137475729,0.1801569014787674,1.9370619339326418e-08
5,64,92,3.51400813087821,48.85504697449505,9.857824072241783,13.252869015559554,4.442380974069238,0.18156901933252811,1.6866153893540138e-08
5,64,93,3.533273935317993,49.35123096220195,9.076847927644849,12.392228003591299,4.159640986472368,0.15123491175472736,3.2923180816733455e-08
5,64,94,3.541128011420369,47.409130027517676,9.588229935616255,13.03669810295105,4.660684848204255,0.17043598927557468,1.513884766161605e-08
5,64,95,3.5371461417526007,49.210705095902085,9.724967880174518,13.555909041315317,4.3118540197610855,0.1631779596209526,2.1497749841600718e-08
5,64,96,3.526312066242099,47.21581097692251,9.586949832737446,13.372658984735608,4.230429884046316,0.17409608699381351,2.209371353312053e-08
5,64,97,3.5065698903054,46.83105298317969,9.56899207085371,12.987595051527023,4.221505019813776,0.1647931057959795,3.0188138344006625e-08
5,64,98,3.551885951310396,47.486839117482305,10.12654509395361,13.590235961601138,4.434552043676376,0.17316383309662342,1.8030681238709464e-08
5,64,99,3.5402888897806406,46.9481919426471,9.26656392402947,12.678129132837057,4.214299144223332,0.17182808369398117,1.757979491853107e-08
